{
  "overall_accuracy": 0.9301489470980996,
  "macro_precision": 0.9194180479930353,
  "macro_recall": 0.9335848337118904,
  "macro_f1": 0.9260235286695414,
  "per_class_metrics": {
    "Coastal": {
      "accuracy": 0.9563636363636364,
      "precision": 0.906896551724138,
      "recall": 0.9563636363636364,
      "f1_score": 0.9309734513274336,
      "support": 550
    },
    "Forest": {
      "accuracy": 0.9311111111111111,
      "precision": 0.8821052631578947,
      "recall": 0.9311111111111111,
      "f1_score": 0.9059459459459459,
      "support": 450
    },
    "Mountain": {
      "accuracy": 0.935,
      "precision": 0.8947368421052632,
      "recall": 0.935,
      "f1_score": 0.9144254278728606,
      "support": 600
    },
    "Rural": {
      "accuracy": 0.9158333333333334,
      "precision": 0.9548218940052129,
      "recall": 0.9158333333333334,
      "f1_score": 0.9349213100808167,
      "support": 1200
    },
    "Urban": {
      "accuracy": 0.9296160877513712,
      "precision": 0.9585296889726673,
      "recall": 0.9296160877513712,
      "f1_score": 0.9438515081206497,
      "support": 1094
    }
  },
  "confusion_matrix": [
    [
      526,
      5,
      7,
      4,
      8
    ],
    [
      9,
      419,
      6,
      10,
      6
    ],
    [
      15,
      14,
      561,
      7,
      3
    ],
    [
      14,
      20,
      40,
      1099,
      27
    ],
    [
      16,
      17,
      13,
      31,
      1017
    ]
  ],
  "total_samples": 3894
}