{
  "overall_accuracy": 0.9233333333333333,
  "macro_precision": 0.9244727646509782,
  "macro_recall": 0.9233333333333332,
  "macro_f1": 0.9236891483819957,
  "per_class_metrics": {
    "Coastal": {
      "accuracy": 0.9033333333333333,
      "precision": 0.8885245901639345,
      "recall": 0.9033333333333333,
      "f1_score": 0.8958677685950414,
      "support": 300
    },
    "Forest": {
      "accuracy": 0.97,
      "precision": 0.9797979797979798,
      "recall": 0.97,
      "f1_score": 0.9748743718592965,
      "support": 300
    },
    "Mountain": {
      "accuracy": 0.87,
      "precision": 0.8338658146964856,
      "recall": 0.87,
      "f1_score": 0.8515497553017944,
      "support": 300
    },
    "Rural": {
      "accuracy": 0.9833333333333333,
      "precision": 0.9833333333333333,
      "recall": 0.9833333333333333,
      "f1_score": 0.9833333333333333,
      "support": 300
    },
    "Urban": {
      "accuracy": 0.89,
      "precision": 0.9368421052631579,
      "recall": 0.89,
      "f1_score": 0.9128205128205128,
      "support": 300
    }
  },
  "confusion_matrix": [
    [
      271,
      0,
      24,
      0,
      5
    ],
    [
      3,
      291,
      4,
      0,
      2
    ],
    [
      22,
      2,
      261,
      5,
      10
    ],
    [
      1,
      0,
      3,
      295,
      1
    ],
    [
      8,
      4,
      21,
      0,
      267
    ]
  ],
  "total_samples": 1500
}