{
  "overall_accuracy": 0.8553752960319634,
  "macro_precision": 0.8422660093626642,
  "macro_recall": 0.8405243277827312,
  "macro_f1": 0.8412295191188477,
  "per_class_metrics": {
    "Coastal": {
      "accuracy": 0.8593846153846154,
      "precision": 0.8243801652892562,
      "recall": 0.8593846153846154,
      "f1_score": 0.8415185296776138,
      "support": 9750
    },
    "Forest": {
      "accuracy": 0.7775144423048437,
      "precision": 0.7951825480987729,
      "recall": 0.7775144423048437,
      "f1_score": 0.786249251048532,
      "support": 6751
    },
    "Mountain": {
      "accuracy": 0.8022222222222222,
      "precision": 0.8299804575238533,
      "recall": 0.8022222222222222,
      "f1_score": 0.8158653031244703,
      "support": 9000
    },
    "Rural": {
      "accuracy": 0.8810555555555556,
      "precision": 0.8651464731874966,
      "recall": 0.8810555555555556,
      "f1_score": 0.8730285431174479,
      "support": 18000
    },
    "Urban": {
      "accuracy": 0.882444803446419,
      "precision": 0.8966404027139417,
      "recall": 0.882444803446419,
      "f1_score": 0.8894859686261738,
      "support": 18570
    }
  },
  "confusion_matrix": [
    [
      8379,
      187,
      336,
      345,
      503
    ],
    [
      312,
      5249,
      361,
      503,
      326
    ],
    [
      467,
      345,
      7220,
      632,
      336
    ],
    [
      371,
      529,
      517,
      15859,
      724
    ],
    [
      635,
      291,
      265,
      992,
      16387
    ]
  ],
  "total_samples": 62071
}