{
  "overall_accuracy": 0.8612666666666666,
  "macro_precision": 0.8612054805390092,
  "macro_recall": 0.8612666666666666,
  "macro_f1": 0.8611633075242315,
  "per_class_metrics": {
    "Coastal": {
      "accuracy": 0.8473333333333334,
      "precision": 0.8282828282828283,
      "recall": 0.8473333333333334,
      "f1_score": 0.8376997857966716,
      "support": 3000
    },
    "Forest": {
      "accuracy": 0.9093333333333333,
      "precision": 0.8941330711242216,
      "recall": 0.9093333333333333,
      "f1_score": 0.9016691455957693,
      "support": 3000
    },
    "Mountain": {
      "accuracy": 0.8356666666666667,
      "precision": 0.8458164642375169,
      "recall": 0.8356666666666667,
      "f1_score": 0.8407109322602281,
      "support": 3000
    },
    "Rural": {
      "accuracy": 0.8883333333333333,
      "precision": 0.8889259506337558,
      "recall": 0.8883333333333333,
      "f1_score": 0.8886295431810604,
      "support": 3000
    },
    "Urban": {
      "accuracy": 0.8256666666666667,
      "precision": 0.8488690884167238,
      "recall": 0.8256666666666667,
      "f1_score": 0.8371071307874282,
      "support": 3000
    }
  },
  "confusion_matrix": [
    [
      2542,
      77,
      160,
      75,
      146
    ],
    [
      77,
      2728,
      111,
      61,
      23
    ],
    [
      171,
      138,
      2507,
      71,
      113
    ],
    [
      84,
      61,
      31,
      2665,
      159
    ],
    [
      195,
      47,
      155,
      126,
      2477
    ]
  ],
  "total_samples": 15000
}