{
  "overall_accuracy": 0.8263601359733209,
  "macro_precision": 0.8103773812794524,
  "macro_recall": 0.8113995137810497,
  "macro_f1": 0.8107532655468939,
  "per_class_metrics": {
    "Coastal": {
      "accuracy": 0.8212307692307692,
      "precision": 0.782392026578073,
      "recall": 0.8212307692307692,
      "f1_score": 0.8013410728582866,
      "support": 9750
    },
    "Forest": {
      "accuracy": 0.7532217449266775,
      "precision": 0.7527757216876387,
      "recall": 0.7532217449266775,
      "f1_score": 0.752998667258996,
      "support": 6751
    },
    "Mountain": {
      "accuracy": 0.7752222222222223,
      "precision": 0.7991066315427786,
      "recall": 0.7752222222222223,
      "f1_score": 0.7869832496757092,
      "support": 9000
    },
    "Rural": {
      "accuracy": 0.8438333333333333,
      "precision": 0.8450069541029207,
      "recall": 0.8438333333333333,
      "f1_score": 0.8444197359277276,
      "support": 18000
    },
    "Urban": {
      "accuracy": 0.8634894991922456,
      "precision": 0.8726055724858511,
      "recall": 0.8634894991922456,
      "f1_score": 0.8680236020137498,
      "support": 18570
    }
  },
  "confusion_matrix": [
    [
      8007,
      222,
      396,
      475,
      650
    ],
    [
      375,
      5085,
      382,
      631,
      278
    ],
    [
      550,
      407,
      6977,
      585,
      481
    ],
    [
      480,
      696,
      703,
      15189,
      932
    ],
    [
      822,
      345,
      273,
      1095,
      16035
    ]
  ],
  "total_samples": 62071
}