{
  "overall_accuracy": 0.8462567060301912,
  "macro_precision": 0.8304270317278037,
  "macro_recall": 0.8333312458192564,
  "macro_f1": 0.8317315795733189,
  "per_class_metrics": {
    "Coastal": {
      "accuracy": 0.8502564102564103,
      "precision": 0.8115516397454724,
      "recall": 0.8502564102564103,
      "f1_score": 0.8304532932632106,
      "support": 9750
    },
    "Forest": {
      "accuracy": 0.7806250925788772,
      "precision": 0.7660997237970635,
      "recall": 0.7806250925788772,
      "f1_score": 0.7732942039618489,
      "support": 6751
    },
    "Mountain": {
      "accuracy": 0.7976666666666666,
      "precision": 0.8190530519110097,
      "recall": 0.7976666666666666,
      "f1_score": 0.8082184069800169,
      "support": 9000
    },
    "Rural": {
      "accuracy": 0.8555555555555555,
      "precision": 0.8718790692407858,
      "recall": 0.8555555555555555,
      "f1_score": 0.8636401873089757,
      "support": 18000
    },
    "Urban": {
      "accuracy": 0.8825525040387722,
      "precision": 0.883551673944687,
      "recall": 0.8825525040387722,
      "f1_score": 0.8830518063525419,
      "support": 18570
    }
  },
  "confusion_matrix": [
    [
      8290,
      201,
      380,
      321,
      558
    ],
    [
      326,
      5270,
      361,
      514,
      280
    ],
    [
      426,
      387,
      7179,
      564,
      444
    ],
    [
      468,
      666,
      588,
      15400,
      878
    ],
    [
      705,
      355,
      257,
      864,
      16389
    ]
  ],
  "total_samples": 62071
}