{
  "overall_accuracy": 0.7903529828744502,
  "macro_precision": 0.780605270467656,
  "macro_recall": 0.7685414405077047,
  "macro_f1": 0.7739430614291366,
  "per_class_metrics": {
    "Coastal": {
      "accuracy": 0.7583589743589744,
      "precision": 0.7414761331728841,
      "recall": 0.7583589743589744,
      "f1_score": 0.7498225332116418,
      "support": 9750
    },
    "Forest": {
      "accuracy": 0.6775292549251962,
      "precision": 0.7598006644518273,
      "recall": 0.6775292549251962,
      "f1_score": 0.7163103907289954,
      "support": 6751
    },
    "Mountain": {
      "accuracy": 0.7454444444444445,
      "precision": 0.7812063344201211,
      "recall": 0.7454444444444445,
      "f1_score": 0.7629065271776211,
      "support": 9000
    },
    "Rural": {
      "accuracy": 0.8258333333333333,
      "precision": 0.7987211863951427,
      "recall": 0.8258333333333333,
      "f1_score": 0.8120510229166098,
      "support": 18000
    },
    "Urban": {
      "accuracy": 0.8355411954765751,
      "precision": 0.8218220338983051,
      "recall": 0.8355411954765751,
      "f1_score": 0.8286248331108145,
      "support": 18570
    }
  },
  "confusion_matrix": [
    [
      7394,
      235,
      510,
      592,
      1019
    ],
    [
      411,
      4574,
      397,
      1028,
      341
    ],
    [
      559,
      383,
      6709,
      792,
      557
    ],
    [
      556,
      491,
      641,
      14865,
      1447
    ],
    [
      1052,
      337,
      331,
      1334,
      15516
    ]
  ],
  "total_samples": 62071
}